<?xml version="1.0" encoding="UTF-8"?>

<!-- DTD 파일 : XML태그 및 속성을 정의하는 파일 -->
<!DOCTYPE mapper
    PUBLIC "-//mybatis.org//DTD Mapper 3.0//EN"
    "http://mybatis.org/dtd/mybatis-3-mapper.dtd">


<!-- SQL문 끝에 세미콜론은 붙이지 않는다! 오류!! -->
<mapper namespace="com.study.springboot.dao.one2oneDao">

 	 <!-- 전체 조회 -->	
	<select id="one2oneList" resultType="com.study.springboot.dto.one2oneDto">
	select * from one2one order by one2one_idx desc
	</select>
	
    <!-- 게시글 갯수 조회 -->
	<select id="one2oneCount" resultType="int">
	select count(*) from one2one
	</select>

	<!-- 새글추가 -->
	<insert id="one2oneWriteAction">
	insert into one2one 
		values ( one2one_idx_SEQ.NEXTVAL , #{param1},#{param2},#{param3},sysdate,
				(select NVL(MAX(refer),0)+1 from one2one),0,0)
	</insert>
	
	
	<!-- 답글 추가 -->      
	<insert id="one2oneReplyAction">     
	 insert into one2one
		values ( one2one_idx_SEQ.NEXTVAL , #{param1},#{param2},#{param3} ,sysdate,
				(select refer from one2one where one2one_idx= #{param4}),
                (select step from one2one where one2one_idx= #{param4})+1 ,
                (select one2one.depth from one2one where one2one_idx= #{param4})+1)
	</insert>
	
	<!--step업데이트  -->
	<update id="replyUpdateAction" >
	update one2one set step = step+1 
		where step > (select step from one2one where one2one_idx = #{param1}) 
		AND refer = (select refer from one2one where one2one_idx = #{param1})
	  
	</update>
	
	
	<!-- 답변하기 idx값 넘겨주기 -->
	<select id="one2oneIDX" resultType="com.study.springboot.dto.one2oneDto">
	select * from one2one where ONE2ONE_IDX = #{param1}
	</select>
	
	
	<!-- 게시물 1~5 , 6~10 조회하게하는 쿼리문 (페이징처리를 위한)-->
	<select id="betweenList" resultType="com.study.springboot.dto.one2oneDto">
		select C.* from 
    		(select  rownum R , B.* from
        		(select one2one.* from one2one order by refer,step) B) C
		where R between #{param1} and #{param2}
	</select>
	
	

	
</mapper>    

